id,name,price,stock,brand_id,category_id,vendor_id
P001,Air Max 90,129.99,25,B001,C001,V001
P002,Dunk Low,119.99,18,B001,C001,V002
P003,Galaxy S25,799.99,12,B002,C002,V001
P004,Galaxy Buds,149.99,30,B002,C002,V003
P005,MacBook Air,1099.99,10,B003,C003,V002
P006,Magic Mouse,79.99,35,B003,C003,V004
P007,ThinkPad X1,1399.99,8,B004,C003,V001
P008,Mechanical Keyboard,89.99,45,B004,C003,V003
P009,banana,1.99,100,B001,C004,V001
P010,banana,2.49,80,B002,C004,V002
P011,banana,1.79,120,B003,C004,V003
P012,banana,2.19,90,B004,C004,V004
P013,banana,2.99,60,B001,C004,V002
P014,Running Shoes,99.99,20,B001,C001,V003
P015,Wireless Charger,39.99,50,B002,C002,V004